{
  "accuracy": 0.996,
  "precision": 0.9423076923076923,
  "recall": 0.98,
  "f1_score": 0.9607843137254902
}